"","Rainfall","Evaporation","Sunshine","Air_Temperature","Wind_Speed","Relative_Humidity","Nitrogen.Oxide","Nitrogen.Dioxide","Nitrogen.Oxides","Carbon.Monoxide","Wind_Direction","PM_10","PM_2.5"
"1",0.4,4.4,6.5,28.2875,1.20416666666667,71.0625,0.00456695660867826,0.00961756648670266,0.0140074885022995,0.135702878588254,150.875,12.4938611688612,7.23453645953646
"2",0,5.8,1.3,26.4333333333333,1.3875,73.9416666666667,0.00731695660867826,0.0111175664867027,0.0182158218356329,0.123202878588254,149.916666666667,13.5095417532918,8.00246242092921
"3",4.8,4.6,9.9,26.625,1.66666666666667,68.0708333333333,0.00794195660867826,0.00978423315336933,0.0174658218356329,0.110702878588254,166.208333333333,8.02302783552784,3.04703645953646
"4",0,8.8,11.7,26.1583333333333,1.47083333333333,62.4666666666667,0.00756695660867826,0.010325899820036,0.0176324885022995,0.0815362119215874,151.375,13.2875,4.18333333333333
"5",0,9.6,9.7,26.6458333333333,1.49583333333333,61.9083333333333,0.00735862327534493,0.00795089982003599,0.0151324885022995,0.0648695452549208,120,11.9166666666667,3.67916666666667
"6",0,9.2,8.52032967032967,27.325,1.33333333333333,57.3541666666667,0.0046502899420116,0.00678423315336933,0.0112574885022995,0.0648695452549208,104.583333333333,9.44484725109725,2.83601822976823
"7",2.46896551724138,8.4,13,27.4166666666667,1.5375,60.075,0.00535862327534493,0.00611756648670266,0.0112158218356329,0.0648695452549208,117.083333333333,9.95833333333333,3.65833333333333
"8",2.46896551724138,9.4,13.1,28.0875,1.75,58.8708333333333,0.00973362327534493,0.00690923315336933,0.0163824885022995,0.0732028785882541,177.166666666667,11.1845417532918,3.77472135597136
"9",0,11,11.7,28.4,1.73333333333333,56.8458333333333,0.0106919566086783,0.00761756648670266,0.0180491551689662,0.0898695452549207,124.833333333333,9.85416666666667,2.8125
"10",0,10,11.5,28.5791666666667,1.52083333333333,58.5375,0.0118586232753449,0.00953423315336933,0.0210908218356329,0.114869545254921,121.041666666667,12.0125,4.48333333333333
"11",0,7.4,10.2,28.725,1.375,58.9041666666667,0.00973362327534493,0.00845089982003599,0.0178824885022995,0.0982028785882541,87.25,11.5563611688612,4.47620312620313
"12",2.46896551724138,8.4,10.3,29.0708333333333,1.48333333333333,59.975,0.00885862327534493,0.00924256648670266,0.0178408218356329,0.102369545254921,129.666666666667,11.525,4.42083333333333
"13",0,9.6,11.2,30.1166666666667,1.60416666666667,63.3375,0.00494195660867826,0.00849256648670266,0.0130074885022995,0.110702878588254,104.083333333333,21.0291666666667,8.65
"14",0.2,10.2,11.9,29.9875,6.45120532478926,48.6208333333333,0.00581695660867826,0.00974256648670266,0.0151741551689662,0.0940362119215874,184.875,20.2573472510973,7.3276848964349
"15",0,15.8,12.4,24.7625,1.7875,44.1625,0.0119419566086783,0.0109092331533693,0.0227574885022995,0.0857028785882541,175.208333333333,17.1166666666667,6.30833333333333
"16",2.46896551724138,11,13,24.9083333333333,2.36666666666667,47.0791666666667,0.0143169566086783,0.0118675664867027,0.0258408218356329,0.0898695452549207,180.791666666667,22.8083333333333,7.79166666666667
"17",0,10.8,12.8,24.8875,1.67083333333333,49.1875,0.0103169566086783,0.00990923315336933,0.0200491551689662,0.0940362119215874,160.75,18.2166666666667,4.95416666666667
"18",0,10.6,12.7,25.5916666666667,1.52916666666667,53.4416666666667,0.0101086232753449,0.0117425664867027,0.0215074885022995,0.110702878588254,143,25.6375,8.30416666666667
"19",0,8.8,12.2,25.9,1.4,54.9083333333333,0.0124419566086783,0.0142425664867027,0.0263408218356329,0.119036211921587,143.208333333333,20.5541666666667,6.76666666666667
"20",0,8.4,12.1,26.375,1.74166666666667,57.0375,0.0071502899420116,0.00853423315336933,0.0153408218356329,0.0815362119215874,160.708333333333,13.2583333333333,3.63333333333333
"21",0,10.2,5.7,26.3375,1.675,62.1791666666667,0.00410862327534493,0.00457589982003599,0.00850748850229954,0.0482028785882541,134.958333333333,7.77916666666667,1.4375
"22",0,6.8,13,27.025,1.42083333333333,61.6375,0.0134836232753449,0.00920089982003599,0.0224241551689662,0.110702878588254,124.208333333333,10.6031805844306,3.29435156310156
"23",0,8.6,12.1,27.3125,1.55833333333333,62.4833333333333,0.0147350729854029,0.0106220655868826,0.0250865976804639,0.148775302431429,127.875,11.6389307576808,4.61879427504427
"24",0,7.8,10,27.4333333333333,1.72916666666667,68.1291666666667,0.0139002899420116,0.00765923315336933,0.0213824885022995,0.148202878588254,104.875,12.4208333333333,4.875
"25",8.6,8.6,11.5,28.2333333333333,1.69166666666667,69.5291666666667,0.0119836232753449,0.00745089982003599,0.0192158218356329,0.164869545254921,97.0833333333333,11.6916666666667,5.15416666666667
"26",2.46896551724138,7.8,12.1,28.5375,1.70833333333333,65.3833333333333,0.0056502899420116,0.00390923315336933,0.00921582183563287,0.0982028785882541,112.791666666667,8.8125,4.8875
"27",0,8.8,12.7,28.6875,1.85416666666667,64.4208333333333,0.00569195660867826,0.00290923315336933,0.00842415516896621,0.0982028785882541,116.083333333333,9.86666666666667,3.43333333333333
"28",2.4,9,10.6,26.8291666666667,1.775,69.9208333333333,0.0075252899420116,0.00507589982003599,0.0124241551689662,0.106536211921587,152.125,11.85,3.57916666666667
"29",7.8,9,8.9,26.675,1.9625,67.525,0.0166919566086783,0.010075899820036,0.0264241551689662,0.152369545254921,164.833333333333,18.3375,5.90833333333333
"30",1.6,9,9.9,27.5041666666667,1.93333333333333,64.4125,0.0157752899420116,0.00928423315336933,0.0249241551689662,0.139869545254921,160.416666666667,14.4291666666667,4.19583333333333
"31",0,9,11.3,28.2666666666667,1.5375,66.7916666666667,0.0122752899420116,0.00953423315336933,0.0215908218356329,0.131536211921587,184.833333333333,14.4333333333333,5.725
"32",4.2,8.4,0.2,23.125,2.475,70.0375,0.0183586232753449,0.0131592331533693,0.0311741551689662,0.127369545254921,178.166666666667,10.7708333333333,3.78333333333333
"33",11.2,4,0,19.9791666666667,1.7,85.9458333333333,1.00755802156653,0.0139925664867027,0.0423408218356329,0.223202878588254,206.208333333333,7.0375,4.24583333333333
"34",6.2,2,0,19.9166666666667,1.55,84.7583333333333,0.0197752899420116,0.00990923315336933,0.0292991551689662,0.185702878588254,219.791666666667,8.28136116886117,3.89703645953646
"35",7.2,1.6,11.2,23.1333333333333,2.37916666666667,68.6625,0.0092752899420116,0.00603423315336933,0.0149658218356329,0.0898695452549207,172.333333333333,6.65416666666667,1.2
"36",1,7.4,10.4,24.5833333333333,2.1,59.8041666666667,0.0191919566086783,0.00986756648670266,0.0289658218356329,0.127369545254921,179.458333333333,10.2,2.29583333333333
"37",2.46896551724138,8.6,12.1,24.625,2.05,58.9916666666667,0.0181919566086783,0.00895089982003599,0.0268824885022995,0.144036211921587,177.958333333333,8.875,2.40833333333333
"38",2.46896551724138,9.4,9.4,24.8041666666667,2.01666666666667,53.3083333333333,0.0185252899420116,0.011325899820036,0.0295908218356329,0.139869545254921,177.458333333333,13.2021945021945,3.44286979286979
"39",0,9.8,11.1,24.5291666666667,2.15,58.5708333333333,0.0171502899420116,0.0102842331533693,0.0271324885022995,0.135702878588254,168.416666666667,10.25,2.21666666666667
"40",0,9,12.6,25.3166666666667,1.45,60.3791666666667,0.0131919566086783,0.0103675664867027,0.0231741551689662,0.156536211921587,163.833333333333,10.6916666666667,3.51666666666667
"41",0,8,11.7,26.7958333333333,1.4375,63.1583333333333,0.00973362327534493,0.0102842331533693,0.0197574885022995,0.177369545254921,160.291666666667,12.7906805844306,4.8901848964349
"42",1,6.2,11.4,27.8083333333333,1.45416666666667,66.4041666666667,0.0040252899420116,0.00882589982003599,0.0126324885022995,0.160702878588254,151.25,15.1708333333333,5.80833333333333
"43",6.6,9.2,12.2,28.5916666666667,1.675,66.3958333333333,0.0092752899420116,0.0131175664867027,0.0220074885022995,0.202369545254921,112.916666666667,18.0541666666667,6.90416666666667
"44",0,7.2,6.5,28.5875,1.70416666666667,73.9458333333333,0.00831695660867826,0.00965923315336933,0.0178824885022995,0.181536211921587,107.541666666667,20.0083333333333,6.75
"45",13,8.4,11.6,28.6083333333333,1.70416666666667,71.9125,0.0124002899420116,0.0132425664867027,0.0253408218356329,0.227369545254921,138.458333333333,19.1208333333333,7.46666666666667
"46",0,6.2,8.6,30.1125,1.57083333333333,69.1375,0.0125669566086783,0.0142425664867027,0.0266324885022995,0.244036211921587,152.666666666667,21.4875,10.1041666666667
"47",0,7.2,8,28.9458333333333,1.52916666666667,72.475,0.0101919566086783,0.011700899820036,0.0216741551689662,0.214869545254921,108.625,19.1,7.3875
"48",17,7.6,11,27.4458333333333,1.55416666666667,69.8708333333333,0.0074002899420116,0.00707589982003599,0.0142991551689662,0.139869545254921,154.083333333333,12.6083333333333,5.32916666666667
"49",0,8.6,11.6,27.6291666666667,1.4625,64.2,0.0062752899420116,0.00657589982003599,0.0124658218356329,0.123202878588254,164.083333333333,14.3823472510973,5.1901848964349
"50",2.46896551724138,9,11.3,27.5916666666667,1.47916666666667,60.0833333333333,0.0119419566086783,0.0104925664867027,0.0222574885022995,0.164869545254921,176.416666666667,14.5,4.67916666666667
"51",2.46896551724138,9.8,6.4,26.7291666666667,2.42083333333333,59.5583333333333,0.0174836232753449,0.010575899820036,0.0278824885022995,0.160702878588254,165.708333333333,14.4791666666667,3.30416666666667
"52",2.46896551724138,11,1.2,24.9625,7.10953865812259,65.6708333333333,0.0124419566086783,0.00903423315336933,0.0212574885022995,0.123202878588254,146.75,14.6365139177639,3.01101822976823
"53",0.2,8.2,0,23.9333333333333,2.33333333333333,74.225,0.0144419566086783,0.00949256648670266,0.0237574885022995,0.127369545254921,147.208333333333,8.76151391776392,2.1776848964349
"54",62.8,11.4,0.1,24.0666666666667,1.57916666666667,88.2791666666667,0.00960862327534493,0.00653423315336933,0.0160074885022995,0.160702878588254,89.1666666666667,5.7875,2.34166666666667
"55",135.8,11.4,0,25.3041666666667,1.06666666666667,84.4291666666667,0.0113169566086783,0.00686756648670266,0.0180074885022995,0.185702878588254,79.5416666666667,6.1875,3.67916666666667
"56",19,4.8,7.8,27.5875,1.31666666666667,76.8083333333333,0.00610862327534493,0.00578423315336933,0.0116324885022995,0.173202878588254,89.0833333333333,6.60416666666667,3.0375
"57",2.46896551724138,2.8,12,28.1791666666667,1.38333333333333,73.3041666666667,0.0117336232753449,0.00949256648670266,0.0211741551689662,0.214869545254921,136.208333333333,7.40416666666667,2.82083333333333
"58",2.46896551724138,7.6,1.5,24.7916666666667,2.1375,69.7625,0.0169419566086783,0.0120342331533693,0.0287158218356329,0.164869545254921,179.875,7.05833333333333,1.73333333333333
"59",0.2,5.6,11.9,25.6583333333333,1.4875,63.6041666666667,0.0140252899420116,0.011200899820036,0.0251324885022995,0.185702878588254,156.25,11.1083333333333,2.39166666666667
"60",2.46896551724138,6,11.8,28.5416666666667,1.45,65.0416666666667,0.0142842031593681,0.0150610327934413,0.0290641321735653,0.169608635764762,194.583333333333,16.5367362554863,5.81342448217448
"61",2.46896551724138,7.4,3.4,27.1625,1.68333333333333,68.3375,0.00535862327534493,0.00957589982003599,0.0146324885022995,0.0440362119215874,112.375,24.1875,3.49166666666667
"62",0.8,4,8,27.6333333333333,1.1875,73.6541666666667,0.0055252899420116,0.00957589982003599,0.0147991551689662,0.0857028785882541,100.125,17.8375,5.59583333333333
"63",0.2,5.4,9.7,29.1333333333333,1.00416666666667,66.7375,0.0050252899420116,0.0120342331533693,0.0169658218356329,0.102369545254921,201.333333333333,10.3708333333333,5.67916666666667
"64",2.4,5.8,0.3,26.4916666666667,1.15833333333333,77.6833333333333,0.00906695660867827,0.0131175664867027,0.0220074885022995,0.106536211921587,152.666666666667,8.07916666666667,4.72916666666667
"65",57.4,4.4,0,21.5458333333333,1.75833333333333,86.2166666666667,0.0249419566086783,0.0152425664867027,0.0399658218356329,0.160702878588254,204.083333333333,6.79583333333333,3.10416666666667
"66",11,3.6,1.1,22.5875,5.76513092649807,74.9708333333333,0.0184836232753449,0.0115342331533693,0.0297991551689662,0.0648695452549208,179.875,13.1125,2.975
"67",5.8,1.8,2.7,23.0041666666667,6.61370532478926,67.0291666666667,0.0198169566086783,0.012575899820036,0.0320908218356329,0.0690362119215874,175.166666666667,11.9291666666667,2.18333333333333
"68",1.6,4.4,6.6,23.675,6.62620532478926,64.3666666666667,0.0196086232753449,0.0122425664867027,0.0316741551689662,0.0732028785882541,179.125,9.86666666666667,2.08333333333333
"69",0.6,6.6,4.4,22.6291666666667,2.14583333333333,71.6166666666667,0.0115669566086783,0.00965923315336933,0.0209658218356329,0.0523695452549208,184.708333333333,8.54166666666667,2.41666666666667
"70",2.8,4.6,3.2,21.875,1.76666666666667,76.4958333333333,0.0116086232753449,0.00978423315336933,0.0212574885022995,0.0648695452549208,200.458333333333,6.2125,1.1625
"71",2.2,4.2,9,23.8583333333333,1.57083333333333,66.8541666666667,0.0142752899420116,0.0117842331533693,0.0257991551689662,0.0773695452549207,181.625,10.9541666666667,2.75833333333333
"72",0,5.4,3.7,23.8208333333333,1.85416666666667,71.8,0.0178169566086783,0.0118675664867027,0.0294658218356329,0.0815362119215874,178.083333333333,9.6,3.05833333333333
"73",5.8,4.2,9.5,24.6291666666667,5.62763092649807,68.5291666666667,0.0196919566086783,0.012200899820036,0.0315908218356329,0.0857028785882541,174.958333333333,10.7416666666667,2.53333333333333
"74",0.4,6.2,8.1,24.9458333333333,1.7875,65.0458333333333,0.0167752899420116,0.0146175664867027,0.0310908218356329,0.106536211921587,177,14.3125,4.58333333333333
"75",0,6,11.3,25.2416666666667,1.28333333333333,65.8208333333333,0.0132336232753449,0.0127425664867027,0.0256741551689662,0.0982028785882541,177.375,13.5583333333333,4.3625
"76",0,7,11.3,26.3708333333333,1.29583333333333,65.55,0.0069002899420116,0.00911756648670266,0.0157574885022995,0.0482028785882541,162.875,12.5708333333333,3.86666666666667
"77",0,6.2,8,26.45,1.29166666666667,72.3916666666667,0.00581695660867826,0.00711756648670266,0.0126741551689662,0.0565362119215874,146.083333333333,8.37083333333333,3.17083333333333
"78",0,4.4,9.9,27.1166666666667,1.19583333333333,72.3,0.0151086232753449,0.00828423315336933,0.0231324885022995,0.0815362119215874,148.541666666667,7.43333333333333,3.36666666666667
"79",0.2,7,10.1,26.4625,1.575,66.5,0.0150252899420116,0.0106592331533693,0.0254658218356329,0.0690362119215874,139.958333333333,11.7646945021945,3.93036979286979
"80",13.6,7.2,0.5,23.8625,2.00833333333333,78.1291666666667,0.0186502899420116,0.0107425664867027,0.0291741551689662,0.0898695452549207,160.708333333333,9.7125,1.4875
"81",28,7.2,8.3,23.9166666666667,2.12916666666667,75.875,0.0210669566086783,0.0113675664867027,0.0320491551689662,0.0898695452549207,165.458333333333,10.7416666666667,3.15
"82",6,6,8.2,24.2875,1.59166666666667,73.1333333333333,0.0181502899420116,0.010575899820036,0.0284658218356329,0.106536211921587,173.041666666667,11.6083333333333,2.425
"83",0.2,4.6,6.3,24.7041666666667,1.35833333333333,69.55,0.0107336232753449,0.00836756648670266,0.0187991551689662,0.0773695452549207,157.916666666667,13.6448472510973,3.36935156310156
"84",0.2,4,5.6,24.2291666666667,1.25833333333333,75.8166666666667,0.0081502899420116,0.00824256648670266,0.0162158218356329,0.0732028785882541,147.041666666667,11.3,2.81666666666667
"85",1,3.4,5.5,26.0833333333333,1.0625,78.6625,0.0169002899420116,0.0122842331533693,0.0290491551689662,0.144036211921587,138.25,12.6323472510973,5.31101822976823
"86",0.2,3.8,1,25.7625,1.6,78.9666666666667,0.0225252899420116,0.0134092331533693,0.0356741551689662,0.152369545254921,166.25,14.1291666666667,5.9
"87",1.2,8.4,10.7,25.9333333333333,2.34583333333333,66.4583333333333,0.0166919566086783,0.0143675664867027,0.0307158218356329,1.09677727687944,185.666666666667,10.3833333333333,3.175
"88",2,6.8,6.7,24.6791666666667,1.85,77.6416666666667,0.0181502899420116,0.0119092331533693,0.0297574885022995,0.106536211921587,171.5,11.025,3.02083333333333
"89",1,3.6,8.7,25.0458333333333,1.50416666666667,77.9458333333333,0.0072752899420116,0.00699256648670266,0.0139658218356329,0.0398695452549208,175.791666666667,12.2583333333333,2.37083333333333
"90",0.4,6,9.9,25.2958333333333,1.82083333333333,71.3583333333333,0.00885862327534493,0.00745089982003599,0.0160491551689662,0.0482028785882541,175.791666666667,11.5541666666667,2.42916666666667
"91",0,6.6,9.3,24.775,1.49583333333333,73.6333333333333,0.0057752899420116,0.00599256648670266,0.0116324885022995,0.0440362119215874,156.041666666667,9.31666666666667,2.00416666666667
"92",0.4,6,10.6,25.2625,1.52083333333333,72.3958333333333,0.00531695660867826,0.00603423315336933,0.0111741551689662,0.0523695452549208,143.833333333333,11.0416666666667,3.00833333333333
"93",0,6,8.9,24.1666666666667,1.70416666666667,70.45,1.97774995635042,0.013053599280144,0.0324049540091982,0.134478181019683,173.791666666667,12.3095417532918,3.83722135597136
"94",4.2,6.4,1,22.8208333333333,2.04166666666667,77.3791666666667,1.00005802156653,0.0131175664867027,0.0338824885022995,0.106536211921587,164.333333333333,9.19583333333333,2.2125
"95",3.2,4.4,9.4,23.2458333333333,1.77916666666667,72.2,1.98229908652438,0.014075899820036,0.0383824885022995,0.131536211921587,186.291666666667,12.4541666666667,2.33333333333333
"96",1.8,6.2,8.5,23.4958333333333,1.81666666666667,68.3583333333333,0.0187752899420116,0.0126175664867027,0.0310908218356329,0.0982028785882541,179.708333333333,11.2958333333333,2.40833333333333
"97",3.2,5,10.7,23.8833333333333,1.59166666666667,68.0916666666667,0.0101502899420116,0.0107842331533693,0.0208408218356329,0.0773695452549207,177.875,10.7291666666667,2.88333333333333
"98",2.4,5.8,10,23.2916666666667,1.34583333333333,69.9666666666667,0.00819195660867826,0.00953423315336933,0.0174658218356329,0.102369545254921,180.25,8.74166666666667,2.52916666666667
"99",0,5.4,9.7,23.9625,1.05416666666667,68.6416666666667,0.0191919566086783,0.0170342331533693,0.0358824885022995,0.173202878588254,166.958333333333,13.8,4.2875
"100",0,0.4,10.3,24,2.02083333333333,68.825,0.0193169566086783,0.0169925664867027,0.0361741551689662,0.144036211921587,179.875,17.15,5.15833333333333
"101",0.2,6.2,10.6,23.7541666666667,1.56666666666667,61.8333333333333,0.99518302156653,0.0159925664867027,1.00937355346015,0.110702878588254,149.541666666667,15.7333333333333,2.67916666666667
"102",0,7.2,3.5,22.9583333333333,1.275,66.6708333333333,0.0201502899420116,0.0177425664867027,0.0376741551689662,0.164869545254921,133.458333333333,17.7791666666667,3.39583333333333
"103",0.6,4.2,9.4,24.0916666666667,1.38333333333333,66.5333333333333,0.99580802156653,0.0149925664867027,0.0313824885022995,0.131536211921587,151.041666666667,17.4985743982912,3.32083333333333
"104",0,5,3.7,24.0125,0.841666666666667,73.5875,0.0126502899420116,0.0135342331533693,0.0260074885022995,0.144036211921587,159.583333333333,13.7041666666667,3.5
"105",0.2,3,10.6,25.6708333333333,1.05,72.0666666666667,0.993141354899863,0.012950899820036,0.0272574885022995,1.14677727687944,147.375,13.1,5.1125
"106",0,4,10.9,24.9791666666667,0.983333333333333,55.575,1.97938241985772,0.0226175664867027,1.02162355346015,0.223202878588254,193.083333333333,25.8708333333333,4.325
"107",0,5.2,10.6,24.4375,1.49583333333333,60.6041666666667,0.99693302156653,0.0184925664867027,1.01399855346015,0.152369545254921,188.708333333333,18.0041666666667,4.4
"108",5.2,7.6,0.6,22.0291666666667,1.67916666666667,72.625,0.0245252899420116,0.019575899820036,0.0439241551689662,0.181536211921587,198.916666666667,14,3.57083333333333
"109",1.2,5,7.1,23.0166666666667,1.3375,67,0.0172752899420116,0.0173675664867027,0.0344658218356329,0.152369545254921,175.791666666667,14.9041666666667,3.15833333333333
"110",0.2,5.8,3.8,21.8041666666667,1.2,78.5416666666667,0.0276502899420116,0.0211175664867027,0.0484241551689662,0.269036211921587,208.416666666667,12.8583333333333,4.76666666666667
"111",10,2.8,7.8,21.85,1.5,74.3666666666667,0.0140252899420116,0.0145342331533693,0.0283824885022995,0.181536211921587,195.958333333333,8.52916666666667,3.61666666666667
"112",0.2,3.8,9.8,21.7166666666667,2.10416666666667,68.4083333333333,0.0085252899420116,0.0112842331533693,0.0195074885022995,0.119036211921587,199.375,6.73333333333333,3.11666666666667
"113",0,5.8,8.9,21.625,1.5125,68.7625,0.0219002899420116,0.0172425664867027,0.0390908218356329,2.11618500850396,198.541666666667,9.14166666666667,2.9625
"114",1.4,3.2,9.1,22.025,1.39583333333333,62.0458333333333,0.0241086232753449,0.0184092331533693,0.0423824885022995,0.185702878588254,223.125,7.59166666666667,3.0375
"115",1.2,4,9.3,22.6416666666667,1.0625,69.0416666666667,0.0059002899420116,0.0113675664867027,0.0170908218356329,0.114869545254921,191.25,5.85416666666667,3.075
"116",0,5,10.5,23.675,1.02916666666667,70.1708333333333,1.97479908652438,0.0176175664867027,0.0346741551689662,0.181536211921587,184.25,9.4125,4.55
"117",0,4.6,8.8,22.7416666666667,1.86666666666667,63.6666666666667,0.0223586232753449,0.0196592331533693,0.0417991551689662,0.185702878588254,210,11.6583333333333,4.3
"118",0,5.6,7.8,20.5166666666667,2.13333333333333,64.9458333333333,0.0134002899420116,0.0134092331533693,0.0265908218356329,0.131536211921587,210.791666666667,7.21666666666667,1.69166666666667
"119",0.4,2.6,10.1,20.4083333333333,2,63.4333333333333,0.0079002899420116,0.0109092331533693,0.0185074885022995,0.114869545254921,199.5,7.28333333333333,1.79583333333333
"120",0,4,8,19.8875,2.03333333333333,62.6833333333333,0.0211502899420116,0.016700899820036,0.0376324885022995,0.152369545254921,206.625,7.875,2.60833333333333
"121",0,6,8.6,20.7541666666667,2.17083333333333,60.4916666666667,0.0199344931013797,0.0167202659468106,0.0364466206758648,0.150572423843175,197.291666666667,13.4710556710557,4.60657291907292
"122",0,4.8,8,21.5958333333333,1.36666666666667,64.8958333333333,0.0159002899420116,0.015700899820036,0.0313824885022995,0.156536211921587,187.416666666667,14.5291666666667,5.525
"123",0,4.2,8.8,21.8083333333333,1.07916666666667,69.1041666666667,1.0057246882332,0.020450899820036,1.02483188679348,0.252369545254921,148.5,17.575,6.82083333333333
"124",0,3.6,9.9,22.9333333333333,1.07083333333333,70.3166666666667,1.97896575319105,0.017700899820036,1.994489618418,0.219036211921587,142.125,16.7625,6.77083333333333
"125",0,3.8,9.3,22.7375,1.9125,67.0416666666667,0.00985862327534493,0.0125342331533693,0.0222991551689662,0.148202878588254,181.333333333333,17.4791666666667,4.94583333333333
"126",0,6.4,9.7,21.075,2.2625,62.5083333333333,0.0067752899420116,0.00978423315336933,0.0162991551689662,0.119036211921587,190.583333333333,12.525,3.07916666666667
"127",0,5.8,1.5,20.5125,1.52083333333333,73.3875,0.0076502899420116,0.010075899820036,0.0175074885022995,0.110702878588254,202.375,12.0208333333333,3.90416666666667
"128",8.2,5.6,0.1,20.4,1.14166666666667,86.275,1.98679908652438,0.0173675664867027,1.02391522012682,0.198202878588254,195.041666666667,9.1,5.22083333333333
"129",9.2,0.6,9.2,22.2916666666667,1.3625,70.7333333333333,0.0226086232753449,1.00106696477789,0.0434241551689662,0.235702878588254,196.083333333333,10.4916666666667,5.32083333333333
"130",0,3.8,10,21.9958333333333,1.05416666666667,64.825,0.0281086232753449,0.020450899820036,0.0482991551689662,0.252369545254921,173.583333333333,13.5791666666667,6.42916666666667
"131",0,6,10.2,20.0208333333333,3.19024106495785,33.2708333333333,0.0176502899420116,0.015575899820036,0.0330074885022995,0.194036211921587,260.583333333333,16.0333333333333,2.85
"132",0,10.2,10.1,18.0166666666667,4.4179821299157,37.7458333333333,0.0109836232753449,0.00936756648670266,0.0199241551689662,0.181536211921587,268.333333333333,16.2083333333333,2.3375
"133",0,5.6,10,18.65,1.25833333333333,52.0583333333333,0.0130252899420116,0.014325899820036,0.0271741551689662,1.20094394354611,209.791666666667,9.82916666666667,4.3375
"134",0,4,9.6,18.4916666666667,1.27916666666667,62.8625,1.98788241985771,0.0216592331533693,1.02895688679348,1.27177727687944,213.375,12.475,5.4625
"135",0,4.4,9.9,19.1916666666667,1.37083333333333,59.2333333333333,0.0217336232753449,0.0192425664867027,0.0407991551689662,0.252369545254921,189.375,14.8125,4.35
"136",0,4,9.9,18.4333333333333,1.64166666666667,60.7916666666667,1.98125741985772,0.0204092331533693,1.99919795175134,0.260702878588254,199.375,14.625,5.525
"137",0,4.8,6.8,18.2708333333333,1.60833333333333,67.2958333333333,0.0193169566086783,0.0177842331533693,0.0367158218356329,0.227369545254921,191.041666666667,11.125,4.20416666666667
"138",0,4,9.8,18.9833333333333,1.05,68.1125,2.96741515148223,0.0237842331533693,2.98731401670919,3.19809274012848,179.083333333333,13.0416666666667,5.8375
"139",0,3.2,9.7,18.375,1.14583333333333,64.9916666666667,0.0200669566086783,1.00219196477789,0.0418824885022995,4.18000047175299,203.458333333333,16.175,8.44583333333333
"140",0,2.6,9.9,19.1083333333333,1.3875,52.1125,0.0140252899420116,0.0187842331533693,0.0325074885022995,0.277369545254921,254.125,13.5208333333333,7.17083333333333
"141",0,5.2,10,18.225,1.2875,48.975,2.96374848481557,4.92561455794263,2.00682295175134,1.29677727687944,234.875,14.1448472510973,4.69435156310156
"142",2.46896551724138,2.2,9.8,18.3333333333333,1.48333333333333,48.7458333333333,4.93223061473127,1.98522469640241,4.94904614662489,5.15357487004418,239.791666666667,17.1375,5.7625
"143",0,5,9.3,18.5375,1.50833333333333,59.5833333333333,1.0035996882332,0.0199925664867027,0.0443408218356329,0.289869545254921,196.833333333333,15.3166666666667,4.68333333333333
"144",0,4,7.7,18.9125,0.995833333333333,68.2166666666667,1.0033496882332,0.0207842331533693,1.02262355346015,2.24535167517062,183.166666666667,17.9291666666667,6.66666666666667
"145",0,3.6,5,19.0875,1.8,68.0916666666667,0.0255669566086783,0.0191592331533693,0.0444658218356329,0.298202878588254,200.375,13.7416666666667,5.525
"146",0,4.2,5.6,18.1125,1.85,73.3,0.0141919566086783,0.0148675664867027,0.0286741551689662,0.252369545254921,207.458333333333,9.56666666666667,3.77916666666667
"147",3.4,2.6,5.6,18.6208333333333,1.38333333333333,70.7208333333333,0.0076502899420116,0.0112425664867027,0.0184241551689662,0.219036211921587,184.041666666667,7.1375,3.37916666666667
"148",1.6,2.2,3.6,18.4875,1.45833333333333,77.2875,0.0160669566086783,0.013575899820036,0.0292991551689662,0.227369545254921,181.583333333333,6.475,3.24583333333333
"149",4.2,1.4,5.8,18.8708333333333,0.970833333333333,80.0125,2.97174848481557,0.0200342331533693,2.01032295175134,8.02429806491774,179.5,10.8375,4.82916666666667
"150",0.2,2.4,9.4,19.4125,1.25833333333333,66.5541666666667,0.0279002899420116,0.0182425664867027,0.0460491551689662,1.27594394354611,234.75,12.6666666666667,5.85833333333333
"151",0,4.8,9.9,16.4333333333333,1.83333333333333,38.0875,1.0017246882332,0.0180342331533693,1.01799855346015,0.294036211921587,243.875,9.04484725109725,2.6526848964349
"152",0,5.4,9.8,15.55,1.54166666666667,50.0791666666667,1.9900996664084,3.94540029262485,2.0115045954226,1.24318303405595,223.208333333333,17.3210556710557,8.24407291907292
"153",0,3.6,9.9,14.9083333333333,1.53333333333333,53.2833333333333,0.0173169566086783,0.017200899820036,0.0342158218356329,0.106536211921587,248.708333333333,15.1083333333333,9.3625
"154",0,4.8,8.9,16.75,1.4875,54.8791666666667,0.0131086232753449,0.0148675664867027,0.0277574885022995,0.0940362119215874,229.333333333333,14.9666666666667,8.15833333333333
"155",0,3.2,9.6,15.65,1.27083333333333,71.45,0.997766354899863,0.0167842331533693,1.01329022012682,0.152369545254921,195.541666666667,13.0208333333333,6.85416666666667
"156",0,4,9.7,15.2916666666667,1.3875,71.6333333333333,1.98034075319105,0.019575899820036,1.99732295175134,0.206536211921587,192,14.2333333333333,7.87916666666667
"157",0,4.4,8.5,15,1.71666666666667,75.4333333333333,0.0196502899420116,0.0178675664867027,0.0371741551689662,0.160702878588254,199.416666666667,11.8708333333333,6.50833333333333
"158",8.6,3.6,1.9,14.7166666666667,1.52916666666667,83.1833333333333,1.00801635489986,0.0206592331533693,1.02708188679348,1.18427727687944,197.708333333333,14.7458333333333,7.05833333333333
"159",9.4,0.4,6.1,15.8333333333333,1.2875,82.8916666666667,1.98379908652438,0.019200899820036,2.00040628508467,0.206536211921587,199.125,13.6541666666667,7.025
"160",0.2,1.8,3.8,17.3125,0.904166666666667,77.95,0.0186919566086783,0.0166175664867027,0.0350491551689662,2.13285167517062,164.166666666667,13.6916666666667,7.64583333333333
"161",0.8,2.6,6.4,17.1833333333333,1.36666666666667,72.3041666666667,0.0154836232753449,0.015575899820036,0.0307158218356329,0.214869545254921,211.75,11.5,7.93333333333333
"162",0,3,9.7,15.6291666666667,1.17083333333333,68.1708333333333,0.0257336232753449,0.0204925664867027,0.0458408218356329,0.231536211921587,198.625,15.575,7.07083333333333
"163",0,2.8,8.6,14.625,1.10416666666667,75.4833333333333,2.96562348481557,0.022950899820036,2.98523068337585,0.269036211921587,182.291666666667,21.4208333333333,10.275
"164",0,2.4,7.5,17.2125,0.804166666666667,68.4083333333333,5.91047167968912,2.96754909469359,3.97359674833371,3.21475940679514,204,23.9875,13.2291666666667
"165",0.8,5,5.3,18.7166666666667,0.908333333333333,67.5875,2.96716515148223,1.00440029811122,2.98643901670919,4.13000047175299,247.75,18.3958333333333,10.9166666666667
"166",0,2.8,9.6,17.1916666666667,1.48333333333333,50.7166666666667,1.98888241985772,1.00244196477789,2.00815628508467,1.23427727687944,247.083333333333,16.6208333333333,7.8625
"167",0,4.4,9.7,14.8041666666667,1.15416666666667,51.7125,2.9639568181489,0.021825899820036,2.98135568337585,3.18559274012848,192,18.5666666666667,9.69166666666667
"168",0,4,9.3,14.5958333333333,3.15690773162452,39.0875,0.990099688233197,0.0107842331533693,0.999540220126818,1.13844394354611,246.583333333333,12.7958333333333,4.625
"169",0,7.2,9.8,12.575,3.55690773162452,45.0666666666667,0.0152752899420116,0.011575899820036,0.0264658218356329,0.189869545254921,260.041666666667,8.78333333333333,2.8625
"170",0,5.2,9.9,13.1916666666667,2.19583333333333,48.6333333333333,1.0009746882332,0.0163675664867027,1.01562355346015,0.252369545254921,247.375,10.8791666666667,5.4125
"171",0,6.2,6.7,13.6666666666667,1.70833333333333,58.1958333333333,1.00680802156653,0.0222842331533693,1.02745688679348,0.294036211921587,221.916666666667,14.8958333333333,6.6625
"172",0,4,8.3,14.2916666666667,1.55833333333333,65.5708333333333,1.0048496882332,0.021450899820036,0.0470908218356329,2.19951834183729,203.375,16.8416666666667,8.60833333333333
"173",0,3.6,9.5,14.6083333333333,1.53333333333333,68.7041666666667,1.00276635489986,0.0194092331533693,1.02070688679348,3.15225940679514,198.833333333333,17.1166666666667,8.175
"174",0,3.4,9.2,13.975,1.22916666666667,69.1583333333333,1.98021575319105,0.0208675664867027,1.99782295175134,4.15500047175299,195.291666666667,18.6666666666667,10.7415565282069
"175",0,3.8,9.3,13.8625,1.0875,65.0208333333333,0.0115252899420116,0.0182842331533693,0.0296324885022995,1.31761061021277,199.708333333333,24.9083333333333,16.6108541213716
"176",0,3.2,6.4,14.1125,1.64166666666667,69.4833333333333,1.97925741985772,0.0192425664867027,1.99540628508467,1.22177727687944,191.166666666667,21.6541666666667,12.3152410649579
"177",0.8,2.6,3.8,15.6416666666667,1.74166666666667,69.575,0.0183169566086783,0.0179925664867027,0.0359658218356329,0.206536211921587,187.166666666667,14.9083333333333,7.11666666666667
"178",1,3,0,13.9416666666667,1.09166666666667,86.9291666666667,1.01455802156653,0.0210342331533693,1.03424855346015,0.273202878588254,226.541666666667,14.3125,8.64583333333333
"179",7.4,0.8,1.3,15.2625,0.995833333333333,85.6791666666667,1.00726635489986,0.0194925664867027,1.02558188679348,1.18427727687944,222.375,12.4416666666667,7.85416666666667
"180",0,1.2,7.6,15.6041666666667,1.10833333333333,84.0166666666667,0.0267336232753449,2.96242409469359,0.0485491551689662,0.219036211921587,148.958333333333,14.3958333333333,9.85833333333333
"181",0.2,2,4.1,17.175,1.0625,78.8375,0.0190669566086783,0.0206592331533693,0.0395491551689662,0.252369545254921,167.291666666667,19.0375,13.325
"182",0,1.4,0.2,17.1666666666667,1,85.6041666666667,0.0124419566086783,0.015950899820036,0.0282158218356329,0.198202878588254,198.25,21.1416666666667,15.326315463249
"183",6.4,1.8,7.3,17.1583333333333,1.27083333333333,75.9833333333333,1.0019746882332,0.0179092331533693,0.0406741551689662,0.152369545254921,218.708333333333,11.2375,6.87916666666667
"184",0,3,9.9,16.4416666666667,1.96666666666667,66.5458333333333,0.0185252899420116,0.0167842331533693,0.0350491551689662,0.114869545254921,225.291666666667,8.94166666666667,4.55
"185",0,4,9.2,17.4083333333333,1.75833333333333,73.45,0.0193005798840232,0.0180684663067387,0.0371816436712657,0.158905757176508,192.208333333333,12.6867362554863,5.66342448217448
"186",3.2,3.4,3.7,17.0625,1.05,90.3166666666667,1.98279908652438,0.020325899820036,1.02274855346015,0.223202878588254,128.291666666667,15.9375,8.76666666666667
"187",8.6,2,7.1,19.3416666666667,1.25,85.2958333333333,0.0113169566086783,0.0151175664867027,0.0261741551689662,0.102941969098096,89.5833333333333,16.175,6.70833333333333
"188",2.6,1.6,2.6,18.9208333333333,1.27083333333333,70.2291666666667,0.0115669566086783,0.0131175664867027,0.0244241551689662,0.110702878588254,156.75,10.6958333333333,5.39583333333333
"189",0.2,5.6,9.8,13.9,2.62916666666667,41.725,0.00748362327534493,0.00890923315336933,0.0162574885022995,0.0940362119215874,257.083333333333,8.95,3.5
"190",0,6.4,9.2,13.3791666666667,1.41666666666667,54.0875,1.98275741985772,0.0206175664867027,2.00044795175134,1.15511061021277,206.166666666667,12.8916666666667,6.04166666666667
"191",0,2.4,6.9,13.2458333333333,1.5625,69.0375,0.0219419566086783,0.0196592331533693,0.0412991551689662,0.189869545254921,201.208333333333,14.6791666666667,8.13333333333333
"192",0,3.4,3.4,13.75,1.22083333333333,80.45,1.98338241985772,0.0207842331533693,0.0459658218356329,0.202369545254921,197.458333333333,13.9230278355278,7.88870312620313
"193",2.4,5.86153846153846,5.7,15.2083333333333,1.05833333333333,82.5708333333333,1.99171575319105,0.021575899820036,2.01015628508467,3.13975940679514,233.041666666667,15.0166666666667,9.95833333333333
"194",0,2.8,10.1,14.1041666666667,1.7,53.5625,1.98746575319105,0.021450899820036,2.00644795175134,0.264869545254921,242.666666666667,12.7208333333333,8.17916666666667
"195",0,5,9.9,11.9916666666667,1.12916666666667,53.0708333333333,1.97796575319105,2.96225742802692,1.996114618418,4.09250047175299,182.541666666667,16.8166666666667,9.83738986154022
"196",0,3,9.9,11.7625,1.14583333333333,63.85,0.0154002899420116,0.0201175664867027,0.0352574885022995,1.23011061021277,171.791666666667,20.3,14.1192975931647
"197",0,2.8,9.2,14.4666666666667,0.895833333333333,57.075,2.96424848481557,1.00723363144455,2.98706401670919,2.22451834183729,247.166666666667,20.7833333333333,13.0735743982912
"198",0,4.8,10,13.7291666666667,1.05,47.9958333333333,5.91030501302246,5.91073062290048,5.93049554491608,3.21059274012848,169.75,21.5125,10.7458333333333
"199",0,3.2,9.9,13.4,0.908333333333333,55.8833333333333,5.91855501302246,7.87150441948285,8.8720104064563,9.01037246320892,185.333333333333,32.325,17.4109642598314
"200",0,2.6,9.8,13.8166666666667,1.25,61.525,3.94557288310675,0.0267842331533693,2.98918901670919,4.20083380508633,140.666666666667,36.3416666666667,19.384318381203
"201",0,3.4,5.7,17.0583333333333,1.20833333333333,59.2666666666667,3.94336454977342,0.0242842331533693,3.96172174833371,0.285702878588254,218.041666666667,25.5166666666667,13.2859642598314
"202",0,4.8,10,13.4541666666667,1.50416666666667,48.7625,0.0123169566086783,0.0153675664867027,0.0272574885022995,3.11475940679514,194.791666666667,20.5416666666667,8.59988986154022
"203",0,3.6,9.3,12.3208333333333,1.275,66.7666666666667,0.0101919566086783,0.015700899820036,0.0257158218356329,4.10083380508633,182.458333333333,20.325,13.0984642598314
"204",0,3.2,9.6,13.2416666666667,0.991666666666667,69.5833333333333,4.9296889480646,1.98718302973574,4.94929614662489,3.23142607346181,146.583333333333,25.9791666666667,15.0916666666667
"205",0,3.2,9.9,14.6208333333333,1.07083333333333,74.6708333333333,2.96399848481557,0.025450899820036,1.02966522012682,0.310702878588254,160.541666666667,26.4875,14.251315463249
"206",0,2.8,4.8,15.4416666666667,0.845833333333333,75.8958333333333,7.87912047627149,3.95129015965144,7.89776934149845,7.13405699995988,167.375,37.2166666666667,20.4971487965824
"207",0.8,1.2,9,17.9041666666667,1.00833333333333,67.2916666666667,2.9619568181489,5.91143895623381,2.98785568337585,5.15357487004418,167.75,34.4083333333333,18.8928719914559
"208",0.2,3.8,9.7,16.9583333333333,1.4,74.8,1.98092408652438,0.0224925664867027,2.00065628508467,2.21618500850396,143.291666666667,28.4708333333333,15.8774106495785
"209",0,3.2,9.7,18.1291666666667,0.95,74.0125,0.0101919566086783,0.0155342331533693,0.0253408218356329,0.210702878588254,129.208333333333,13.5375,7.6625
"210",0,3,8.7,17.8583333333333,1.19583333333333,76.7208333333333,0.00573362327534493,0.0124092331533693,0.0179658218356329,0.194036211921587,172.166666666667,17.05,10.8083333333333
"211",1.4,3,10.3,17.325,1.7125,52.7166666666667,0.0195669566086783,0.0180342331533693,0.0374241551689662,0.219036211921587,270.041666666667,12.7375,6.625
"212",0,6.4,10.1,18.5916666666667,1.1875,49.9625,2.95628268797494,0.0248452659468106,1.99880375059157,0.225572423843175,159.375,18.4271945021945,7.33870312620313
"213",0,4,10.2,20.0625,1.2125,58.3375,1.00693302156653,6.891638354525,2.015114618418,2.20785167517062,186.833333333333,27.425,16.4375
"214",0,3,10,20.6875,1.23333333333333,66.3666666666667,2.96087348481557,1.99009969640241,2.98556401670919,3.17309274012848,176.791666666667,32.2665565282069,20.1508749094099
"215",0,4.8,10,22.1208333333333,1.40416666666667,70.5583333333333,1.97875741985772,0.0239092331533693,1.99944795175134,0.210702878588254,143.166666666667,25.9416666666667,16.2442975931647
"216",0,2.8,9.8,24.3916666666667,1.025,70.2708333333333,0.0159836232753449,0.0215342331533693,0.0372158218356329,1.15511061021277,185.333333333333,22,10.4666666666667
"217",0,5.4,10,22.7458333333333,1.45833333333333,67.3416666666667,0.00823362327534493,0.015950899820036,0.0238824885022995,0.152369545254921,134.083333333333,38.1198472510972,14.6720926280594
"218",0,3.6,9.1,24.55,1.15833333333333,75.55,2.95899848481557,0.0201592331533693,2.97589735004252,0.189869545254921,129.5,21.6916666666667,11.5041666666667
"219",2.8,3.6,4.1,22.7958333333333,3.17774106495785,39.6291666666667,0.0213586232753449,0.0194925664867027,0.0405491551689662,0.139869545254921,252.333333333333,22.1083333333333,7.025
"220",0.2,7,10.3,20.1,0.995833333333333,44.9916666666667,2.9607068181489,1.00606696477789,2.98214735004252,0.223202878588254,217.625,30.9125,10.9929821299157
"221",0,4.8,10.2,20.2083333333333,1.09166666666667,53.125,3.94119788310675,0.026075899820036,3.96122174833371,0.227369545254921,186.375,23.7208333333333,13.101315463249
"222",0,4.8,10.3,20.95,1.175,63.4083333333333,1.00326635489986,1.98559969640241,2.00390628508467,2.15785167517062,173.208333333333,22.0166666666667,11.8083333333333
"223",0,4,8.2,22.8666666666667,1.3875,67.2208333333333,0.0100252899420116,0.0172425664867027,0.0270491551689662,0.144036211921587,131.875,18.9208333333333,10.6916666666667
"224",0,4.4,10.5,22.7666666666667,1.9875,48.1958333333333,0.00810862327534493,0.0133675664867027,0.0212158218356329,0.144036211921587,221.041666666667,16.2458333333333,7.55416666666667
"225",0,9.8,10.5,19.6625,1.53333333333333,37.0666666666667,1.00676635489986,5.90552228956715,2.98464735004252,3.13559274012848,181.083333333333,16.2208333333333,8.24583333333333
"226",0,4.6,10.5,20.025,1.32916666666667,58.8416666666667,2.95579015148223,1.00652529811122,2.97706401670919,0.139869545254921,126.541666666667,23.4416666666667,11.6708333333333
"227",0,3.8,10.3,21.525,1.075,66.2041666666667,0.0086502899420116,0.020450899820036,0.0289658218356329,0.0857028785882541,126,25.5416666666667,15.1333333333333
"228",0,4.4,10.7,23.7666666666667,1.0375,60.8333333333333,2.96879015148223,5.91235562290048,3.97422174833371,1.22177727687944,207,27.5791666666667,15.7166666666667
"229",0,4.8,10.7,23.8916666666667,1.1,50,3.94748954977342,3.95054015965144,3.97251341500037,3.12725940679514,212.083333333333,27.0541666666667,14.1262053247893
"230",0,4.6,10.6,24.0541666666667,1.25,50.6291666666667,0.0180669566086783,0.0229092331533693,0.0407991551689662,0.164869545254921,215.458333333333,22.5541666666667,12.1402410649579
"231",0,5.6,11.1,22.0958333333333,8.31085412137163,34.8291666666667,0.00960862327534493,0.0125342331533693,0.0218824885022995,0.0815362119215874,248.166666666667,20.8791666666667,7.07083333333333
"232",0,13.4,10.8,20.175,4.83322319487355,29.6625,0.0195669566086783,1.00019196477789,0.0392158218356329,0.169036211921587,224.541666666667,26.9958333333333,8.49440773162452
"233",0,5.2,10.9,21.0541666666667,1.58333333333333,26.8208333333333,1.98134075319105,1.00219196477789,1.99978128508467,0.177369545254921,251.458333333333,15.275,6.9375
"234",0,6.6,10.9,21.5625,1.7125,32.0875,2.96599848481557,6.889263354525,2.98889735004252,0.219036211921587,240.25,19.7791666666667,8.5
"235",0,5.8,10.7,20.9583333333333,1.45,57.2458333333333,0.996224688233197,1.00352529811122,1.01766522012682,0.169036211921587,151.208333333333,25.45,12.1833333333333
"236",0,4.4,10.5,22.5625,1.4375,65.7166666666667,1.97354908652438,1.98239136306907,2.96952235004252,0.152369545254921,140.625,27.5416666666667,15.2957231948736
"237",0.8,4.4,5.1,21.9291666666667,1.40833333333333,71.0125,0.0072752899420116,0.0158675664867027,0.0229658218356329,0.102369545254921,143.333333333333,15.5708333333333,10.1791666666667
"238",11.2,2.4,1.5,20.9708333333333,0.870833333333333,87.0791666666667,0.99818302156653,0.019950899820036,0.0389658218356329,1.13844394354611,185.583333333333,16.3041666666667,11.6041666666667
"239",10.6,2,10.5,21.975,1.45416666666667,66.8541666666667,1.97640770979973,0.0181934663067387,1.99170544025364,0.125572423843175,200.541666666667,14.341889004389,8.56073958573959
"240",0.2,5,10.7,21.8833333333333,1.2125,69.7333333333333,0.0168169566086783,0.021700899820036,0.0383408218356329,0.139869545254921,185.75,19.3583333333333,10.6125
"241",0,4.4,11.1,22.2291666666667,1.42916666666667,50.3416666666667,2.9667068181489,1.00581696477789,2.01053128508467,0.214869545254921,243.458333333333,16.6791666666667,9.87916666666667
"242",0,6.8,10.9,21.5208333333333,1.30416666666667,53.6833333333333,0.0201502899420116,0.0261592331533693,0.0459658218356329,0.194036211921587,132.833333333333,19.8458333333333,10.4875
"243",0,4.2,9.9,23.4916666666667,1.75833333333333,68.225,2.95791515148223,0.999983631444554,2.97306401670919,0.160702878588254,158.333333333333,25.2625,12.2416666666667
"244",0,7.8,8.7,26.4791666666667,2.38333333333333,40.525,0.0100252899420116,0.0151175664867027,0.0250074885022995,0.0982028785882541,260.208333333333,25.2213778273639,22.2732439829119
"245",0,7.6,10.7,23.9583333333333,1.51666666666667,51.65,0.0056502899420116,0.012075899820036,0.0172991551689662,0.0523695452549208,184.125,23.2177618529961,11.4916666666667
"246",0,7.4,3,20.8708333333333,1.9,72.5916666666667,0.0196919566086783,0.019075899820036,0.0384658218356329,0.102369545254921,195.041666666667,10.7541666666667,5.7125
"247",0.4,4,2,21.6885951863295,2.85742266468322,71.0448501926231,0.0186026094781044,0.0166830983803239,0.0351090631873625,0.112992573960953,182.185709654041,12.7629446754447,6.27564583814584
"248",9.4,1.8,5.6,23.0314671777854,1.50500343288706,69.2286107296792,0.0158287692461508,0.0189866976604679,0.0345140171965607,0.0849707549806364,155.249694854484,14.9236948486948,6.44175521675522
"249",0,3.6,4.9,22.0791666666667,1.25416666666667,77.8333333333333,1.98617408652438,0.025575899820036,1.03108188679348,0.00653621192158741,139.875,16.7041666666667,7.41666666666667
"250",0.4,2.8,10,24.2041666666667,1.725,76.5916666666667,1.98391662301708,0.0187619326134773,1.9997620839249,0.071978181019683,118.458333333333,18.8458333333333,7.51666666666667
"251",1.2,5.2,4.8,24.7,0.916666666666667,82.1875,0.0180669566086783,0.0174925664867027,0.0352991551689662,0.0898695452549207,140.458333333333,14.9875,6.1
"252",2,2.8,10.9,24.15,1.38333333333333,70.1833333333333,0.0158169566086783,0.015200899820036,0.0306741551689662,0.0940362119215874,199.625,12.6583333333333,7.24166666666667
"253",0,4.6,10.8,23.2791666666667,1.32916666666667,65.2041666666667,0.997499978175208,0.0188184663067387,1.01496437529578,0.104739090509841,172.708333333333,16.2583333333333,8.03333333333333
"254",0,6.6,9.9,23.2541666666667,1.41666666666667,66.0833333333333,0.0125669566086783,0.016075899820036,0.0283824885022995,0.0857028785882541,160.041666666667,19.6791666666667,9.26666666666667
"255",0,4.6,10.2,23.9375,1.33333333333333,67.0875,0.994974688233197,0.0188675664867027,1.01237355346015,0.0982028785882541,116.625,19.15,8.09166666666667
"256",0,6,10.7,24.6541666666667,1.27083333333333,67.75,0.0165252899420116,0.021075899820036,0.0374241551689662,0.0732028785882541,132.708333333333,18.025,7.95416666666667
"257",0,4.8,9.9,25.175,1.39583333333333,71.9416666666667,0.0163586232753449,0.0197842331533693,0.0359241551689662,0.0773695452549207,138.833333333333,17.1625,9.37083333333333
"258",0,5.4,10.8,25.475,1.69583333333333,72.8791666666667,0.00881695660867826,0.0126175664867027,0.0212158218356329,0.0315362119215874,157.166666666667,14.1027410649579,6.0375
"259",0,4,9.9,24.9791666666667,1.8125,62.4833333333333,0.00523362327534493,0.00945089982003599,0.0145074885022995,0.0815362119215874,153.666666666667,26.4248898615402,9.45416666666667
"260",0,8.8,10.1,22.5041666666667,2.00833333333333,57.8125,0.0129836232753449,0.0153675664867027,0.0280491551689662,0.139869545254921,168.666666666667,19.3833333333333,6.69166666666667
"261",0,6.8,8.9,23.1541666666667,1.4375,63.3875,0.0161086232753449,0.0187425664867027,0.0346741551689662,0.194036211921587,127.375,17.2041666666667,6.81666666666667
"262",0,5.2,10.8,24.3916666666667,1.70416666666667,68.175,0.0153169566086783,0.0162842331533693,0.0312991551689662,0.0815362119215874,107.416666666667,19.5166666666667,7.14166666666667
"263",0,6.6,10.5,26.1166666666667,1.25416666666667,65.8958333333333,1.97367408652438,0.0184092331533693,1.98915628508467,0.0648695452549208,146.625,29.6291666666667,11.5333333333333
"264",0,5.8,10.9,23.2416666666667,2.29583333333333,58.7875,0.0129002899420116,0.0151592331533693,0.0278408218356329,0.0482028785882541,173.75,15.0125,5.175
"265",0,7.8,10.2,23.1875,1.36666666666667,65.3375,0.00819195660867826,0.013200899820036,0.0211741551689662,1.08427727687944,151.333333333333,15.6208333333333,6.73333333333333
"266",0,6.4,10.9,24.3291666666667,1.39166666666667,67.5541666666667,0.0067752899420116,0.014075899820036,0.0205491551689662,0.127369545254921,151.333333333333,14.575,7.525
"267",0,5.8,7.8,24.0041666666667,2.76107439829119,68.725,0.0165505798840232,0.017401799640072,0.0335983103379324,0.133905757176508,170.291666666667,16.9855278355278,7.89703645953646
"268",0,6,0.5,22.5416666666667,1.7125,70.8083333333333,0.0145252899420116,0.0157425664867027,0.0300908218356329,0.106536211921587,150.625,13.9,5.3375
"269",2.46896551724138,2.6,9.3,23.5958333333333,1.6375,71.0791666666667,0.0132336232753449,0.014325899820036,0.0272991551689662,0.0982028785882541,134.375,14.225,6.5
"270",0,5.6,3.2,24.1666666666667,0.941666666666667,73.9458333333333,0.99455802156653,0.0185342331533693,0.0340491551689662,0.114869545254921,116.666666666667,16.6833333333333,7.55
"271",0,3.2,8.7,26.2333333333333,1.6375,73.5625,0.0146086232753449,0.0172842331533693,0.0315491551689662,0.194036211921587,133.458333333333,18.2333333333333,8.95
"272",0,5.4,8.4,26.7041666666667,1.59166666666667,74.8708333333333,0.0051502899420116,0.0109925664867027,0.0156741551689662,0.106536211921587,132.083333333333,17.1875,6.5875
"273",2.2,6.6,1.8,22.7291666666667,1.825,80.175,0.0076502899420116,0.011450899820036,0.0188824885022995,0.152369545254921,164.083333333333,16.2833333333333,7.24583333333333
"274",9.6,2,11.5,23.2208333333333,1.8375,65.1416666666667,0.00519195660867826,0.00824256648670266,0.0131324885022995,0.152369545254921,173.875,11.1625,4.59166666666667
"275",0,7.4,11.4,23.6958333333333,1.8,62.7625,0.0134836232753449,0.0142842331533693,0.0275908218356329,0.202369545254921,170.5,11.9958333333333,5.30416666666667
"276",0,7,11.4,24.2125,1.4875,65.5291666666667,0.0155252899420116,0.016075899820036,0.0312574885022995,0.223202878588254,133.041666666667,17.1541666666667,6.61666666666667
"277",0,6,11.4,25.5541666666667,1.57083333333333,67.8833333333333,0.0146086232753449,0.0151592331533693,0.0295491551689662,0.181536211921587,85.7916666666667,20.325,7.775
"278",0,6.8,4.8,25.8416666666667,0.983333333333333,67.75,0.0174419566086783,0.021325899820036,0.0386324885022995,1.23011061021277,116.791666666667,17.8291666666667,7.79166666666667
"279",16.8,4.6,2,23.0791666666667,1.02916666666667,87.2958333333333,0.0115252899420116,0.016200899820036,0.0274658218356329,0.185702878588254,190.458333333333,11.9291666666667,8.30833333333333
"280",10.8,2.4,9.6,24.7125,1.14166666666667,77.7958333333333,0.00644195660867826,0.011825899820036,0.0180908218356329,0.164869545254921,148.875,11.2146945021945,6.67620312620313
"281",1,5.2,10.5,25.8625,1.2125,75.9458333333333,0.99443302156653,0.0172425664867027,0.0324241551689662,0.169036211921587,149.333333333333,14.2541666666667,8.12083333333333
"282",10,5.4,7.4,25.8458333333333,1.22083333333333,78.7458333333333,0.0131502899420116,0.0159925664867027,0.0289658218356329,0.152369545254921,162.541666666667,14.4625,8.97083333333333
"283",0.2,4.4,10.4,27.8041666666667,1.44583333333333,73.7791666666667,0.0136502899420116,0.017825899820036,0.0312574885022995,0.164869545254921,166.375,21.4166666666667,10.9833333333333
"284",1.2,6.6,3.8,24.8375,2.11666666666667,78.3125,0.0150252899420116,0.0173675664867027,0.0318824885022995,0.127369545254921,171.083333333333,12.025,6.57083333333333
"285",8.4,5.2,0,22.4208333333333,2.94024106495785,82.2583333333333,0.0191502899420116,0.017075899820036,0.0360491551689662,0.152369545254921,170.625,12.2833333333333,5.2625
"286",16.2,4,0,21.6041666666667,1.59166666666667,90.5375,0.0100252899420116,0.0149925664867027,0.0247158218356329,0.0940362119215874,167.166666666667,7.74583333333333,4.1625
"287",16,0.6,0,22.8791666666667,2.82774106495785,91.4875,0.0079002899420116,0.011700899820036,0.0193408218356329,0.0482028785882541,190.291666666667,8.18333333333333,4.47083333333333
"288",44.8,4,1.3,24.0541666666667,2.4625,90.2833333333333,0.0140252899420116,0.0135342331533693,0.0273824885022995,0.0482028785882541,153.083333333333,8.62916666666667,4.40416666666667
"289",23.8,4.6,8.6,26.8291666666667,2.0125,82.5541666666667,0.0050252899420116,0.00870089982003599,0.0134658218356329,0.0648695452549208,114,17.8708333333333,6.725
"290",1.2,3.6,8.7,26.5416666666667,1.2625,82.9375,0.0144419566086783,0.0154092331533693,0.0297158218356329,0.164869545254921,143.041666666667,14.475,6.12083333333333
"291",4.8,3,3.9,26.2708333333333,1.40833333333333,82.1958333333333,0.0109002899420116,0.0132842331533693,0.0240074885022995,0.160702878588254,98.375,15.825,6.4625
"292",0.4,5.2,10.6,27.0416666666667,1.12916666666667,73.1875,0.0103169566086783,0.0139925664867027,0.0240908218356329,0.181536211921587,110.625,16.6916666666667,6.89166666666667
"293",0,7.2,10,27.5,1.3375,71.6708333333333,0.00760862327534493,0.011950899820036,0.0193408218356329,0.177369545254921,136.833333333333,15.3583333333333,8.06666666666667
"294",0.8,4.8,5.6,26.225,1.05,78,0.0056502899420116,0.0139092331533693,0.0195074885022995,0.194036211921587,196.583333333333,12.1125,7.79166666666667
"295",8.2,7.2,12.1,26.5625,1.3375,75.2708333333333,0.0106502899420116,0.0129925664867027,0.0234241551689662,0.164869545254921,175.041666666667,12.4333333333333,6.925
"296",0,4.6,11.8,28.2583333333333,1.475,73.2541666666667,0.0117752899420116,0.0144925664867027,0.0260908218356329,0.169036211921587,152.208333333333,13.2458333333333,6.5625
"297",0,6,11.9,29.9708333333333,1.27083333333333,72.175,0.0111086232753449,0.0156592331533693,0.0263408218356329,0.164869545254921,174.25,15.675,9.18333333333333
"298",0,6.2,9.4,28.8041666666667,1.39166666666667,73.7625,0.00757586982603479,0.013477699460108,0.0208141321735653,0.127941969098096,130.125,27.3021945021945,12.2678697928698
"299",0.6,6.8,11.9,30.3208333333333,1.40416666666667,70.3166666666667,0.0120669566086783,0.017825899820036,0.0296741551689662,0.177369545254921,164.958333333333,24.7041666666667,14.2416666666667
"300",0,7.2,12.3,29.0583333333333,1.65416666666667,66.6791666666667,0.00348362327534493,0.00870089982003599,0.0119241551689662,0.114869545254921,102.416666666667,20.6041666666667,9.3
"301",0,7.6,7.2,28.3583333333333,2.62774106495785,70.3208333333333,0.00494195660867826,0.00911756648670266,0.0137574885022995,0.114869545254921,183.166666666667,21.4916666666667,11.5875
"302",0.8,6.2,0,23.6958333333333,1.65833333333333,85.0041666666667,0.0183169566086783,0.017450899820036,0.0355491551689662,0.164869545254921,168.333333333333,16.7416666666667,8.7875
"303",3.6,1.8,12.2,25.8666666666667,1.29583333333333,68.5958333333333,0.0132752899420116,0.013825899820036,0.0268408218356329,0.185702878588254,129.75,16.675,7.575
"304",2.46896551724138,6.8,9.9,27.0583333333333,1.3625,68.7291666666667,0.0155669566086783,0.0149092331533693,0.0303408218356329,0.185702878588254,120.708333333333,18.3333333333333,8.09166666666667
"305",0,6.6,12.7,28,1.4125,66.0083333333333,0.0141086232753449,0.0137842331533693,0.0275908218356329,0.185702878588254,109.791666666667,16.4458333333333,7.44583333333333
"306",0,8.8,11.3,28.6125,1.83333333333333,61.85,0.989891354899863,0.0111592331533693,0.0220074885022995,0.144036211921587,95.9166666666667,19.0708333333333,6.79166666666667
"307",0,8.8,12.1,29.6791666666667,1.40833333333333,62.8916666666667,0.0060252899420116,0.0102842331533693,0.0160491551689662,0.135702878588254,191.791666666667,18.5541666666667,7.33333333333333
"308",0,8,11.1,30.8125,1.70416666666667,68.0583333333333,0.0025252899420116,0.00795089982003599,0.0103408218356329,0.114869545254921,106.208333333333,29.5221487965824,16.5039463897471
"309",0,7.4,12.1,31.4958333333333,1.54166666666667,73.7583333333333,0.0091502899420116,0.0131175664867027,0.0219658218356329,0.0940362119215874,127.5,33.763815463249,16.1137053247893
"310",0,7.4,8.8,32.0875,1.72916666666667,75.7958333333333,0.0084002899420116,0.0123675664867027,0.0205491551689662,0.0857028785882541,118.333333333333,33.5208333333333,13.8540565282069
"311",0,8.6,11.9,32.1708333333333,2.12916666666667,69.9666666666667,0.00710862327534493,0.0102425664867027,0.0171741551689662,0.0732028785882541,51.875,26.6583333333333,12.1666666666667
"312",0.6,8.4,3.4,26.9458333333333,2.24166666666667,62.725,0.0139002899420116,0.0157425664867027,0.0294241551689662,0.185702878588254,220.166666666667,19.5063611688612,8.43870312620313
"313",0,5.2,10.4,25.3375,1.95416666666667,56.0041666666667,0.0146919566086783,0.0149092331533693,0.0294658218356329,0.219036211921587,170.833333333333,20.4333333333333,8.18333333333333
"314",0,9.8,12.9,26.1208333333333,1.45,61.6791666666667,0.00594195660867826,0.00999256648670266,0.0155074885022995,0.164869545254921,137.333333333333,14.575,6.375
"315",0,9,12.6,27.4833333333333,1.75416666666667,62.35,0.00510862327534493,0.00882589982003599,0.0137991551689662,0.131536211921587,164.958333333333,14.225,7.55
"316",0,8,13,27.2375,2.20833333333333,59.3333333333333,0.0126919566086783,0.012950899820036,0.0252574885022995,0.152369545254921,173.083333333333,14.4625,7.1375
"317",0,10.2,12.2,26.9166666666667,1.72916666666667,63.7291666666667,0.0134836232753449,0.012075899820036,0.0254241551689662,0.169036211921587,167.875,17.9208333333333,7.71666666666667
"318",0,9.4,10.2,28.225,1.575,66.3291666666667,0.0112752899420116,0.0117842331533693,0.0227991551689662,0.139869545254921,114.875,17.4541666666667,7.71666666666667
"319",0,7.4,10.6,29.8625,1.42916666666667,68.2541666666667,0.0134419566086783,0.0126175664867027,0.0257574885022995,0.119036211921587,128.666666666667,15.9625,6.94166666666667
"320",0,8,11.5,30.075,1.5,64.9916666666667,0.0122336232753449,0.0122842331533693,0.0244241551689662,0.123202878588254,113.583333333333,14.5,6.7125
"321",0,8,8.8,28.6666666666667,1.32916666666667,72.0958333333333,0.0091502899420116,0.0105342331533693,0.0193824885022995,0.106536211921587,160.416666666667,13.6625,6.54583333333333
"322",2.8,7.2,7,26.4708333333333,2.22083333333333,73.4708333333333,0.0050252899420116,0.00736756648670266,0.0121324885022995,0.0857028785882541,162.583333333333,12.3125,5.3375
"323",0.2,8,11.6,27.55,1.67916666666667,58.6375,0.0115252899420116,0.0120342331533693,0.0233408218356329,0.139869545254921,140.583333333333,18.9416666666667,6.2875
"324",0,9,11.9,28.0958333333333,1.95833333333333,58.9791666666667,0.0106086232753449,0.012200899820036,0.0225074885022995,0.144036211921587,125.75,16.3041666666667,6.72916666666667
"325",0,9.4,9.5,30.5375,1.61666666666667,66.9583333333333,0.0101919566086783,0.013700899820036,0.0235074885022995,0.102369545254921,97.125,21.6166666666667,8.22083333333333
"326",2.8,8.6,6.1,31.2,2.53190773162452,63.4791666666667,0.0121086232753449,0.016200899820036,0.0280908218356329,0.144036211921587,228.208333333333,24.4291666666667,9.07083333333333
"327",6.2,10,12.2,29.9833333333333,9.16359518632948,25.3458333333333,0.0149002899420116,0.014200899820036,0.0287574885022995,0.302369545254921,274.625,28.2242290307816,18.6456130564138
"328",0,16.8,13.2,30.325,8.41918745470496,22.675,0.0108586232753449,0.011200899820036,0.0218408218356329,0.285702878588254,270.583333333333,31.8625,8.05416666666667
"329",0,16,10.9,31.8833333333333,1.45416666666667,32.8583333333333,0.00635862327534493,0.013325899820036,0.0194241551689662,0.227369545254921,217.875,21.5230278355278,7.79703645953646
"330",0.2,8,13.1,30.7083333333333,3.5429821299157,49.1125,0.0138586232753449,0.0156175664867027,0.0291324885022995,0.177369545254921,183.125,22.7125,8.52916666666667
"331",0,10,3.4,28.7125,1.57916666666667,71.425,0.00973362327534493,0.0133675664867027,0.0229658218356329,0.0857028785882541,82.5416666666667,25.6583333333333,10.2541666666667
"332",0.6,5.4,11.2,34.0083333333333,7.54561305641378,52.7041666666667,0.00894195660867826,0.013075899820036,0.0218408218356329,0.144036211921587,182.958333333333,34.1233541213716,16.4054821299157
"333",0,16.4,13.1,31.1833333333333,3.9304821299157,46.4583333333333,0.0102752899420116,0.0124092331533693,0.0225074885022995,0.139869545254921,190.166666666667,26.1651309264981,9.5625
"334",0,8.6,12.7,30.1416666666667,1.67083333333333,64.2375,0.00672615976804639,0.011178599280144,0.0176132873425315,0.0886448476863497,71.7083333333333,24.3303750866251,9.17472135597136
"335",0,7,12.5,32.0166666666667,1.575,69.8666666666667,0.0035252899420116,0.00982589982003599,0.0131741551689662,0.0523695452549208,135.041666666667,32.4402410649579,16.3319077316245
"336",0,8.4,11.3,33.425,1.59166666666667,69.7458333333333,0.00160862327534493,0.0106592331533693,0.0121324885022995,0.181536211921587,118.166666666667,40.3274106495785,23.4311367624061
"337",0,10.2,11.1,31.5541666666667,1.75416666666667,63.7166666666667,0.00833623275344931,0.0127589982003599,0.0207832183563287,0.0565362119215874,104.125,44.0622797230804,17.7052618529961
"338",0,6.8,1.2,29.7041666666667,1.32083333333333,69.6583333333333,0.00623362327534493,0.0127425664867027,0.0185908218356329,0.0565362119215874,118.541666666667,37.0916666666667,13.4208333333333
"339",0.6,5.4,5.6,28.2208333333333,5.96929759316474,67.2541666666667,0.0130669566086783,0.012575899820036,0.0254241551689662,0.0440362119215874,155.458333333333,23.2958333333333,9.35833333333333
"340",0,6.2,10,27.5041666666667,9.63026185299615,62.7916666666667,0.0127752899420116,0.0106592331533693,0.0233408218356329,0.0440362119215874,155.875,18.9208333333333,6.9
"341",0,11.2,2,27.0916666666667,2.4375,65.3416666666667,0.0154002899420116,0.0123675664867027,0.0274241551689662,0.0565362119215874,146.166666666667,19.6833333333333,7.09583333333333
"342",0,7.8,1.1,27.8791666666667,2.05833333333333,65.9666666666667,0.00619195660867826,0.00886756648670266,0.0147574885022995,0.00653621192158741,129.75,24.8166666666667,7.14166666666667
"343",0,5.6,7.4,29.2833333333333,1.75,67.0791666666667,0.00348362327534493,0.00561756648670266,0.00892415516896621,0.0107028785882541,126.541666666667,19.0208333333333,6.06666666666667
"344",0,7.2,9.6,30.0666666666667,1.80416666666667,66.7541666666667,0.00831695660867826,0.0105342331533693,0.0186324885022995,0.0190362119215874,102.625,23.325,8.67083333333333
"345",0,8.2,8.2,29.9916666666667,1.50416666666667,67.7375,0.0107336232753449,0.0107842331533693,0.0211324885022995,0.0315362119215874,104.583333333333,24.7958333333333,9.98607439829119
"346",0,8,12,29.9458333333333,1.83333333333333,66.1666666666667,0.0100922465506899,0.00923513297340532,0.0190983103379324,0.0297390905098415,99.625,17.975,7.425
"347",0,8,8,30.6291666666667,2.025,67.6416666666667,0.0071502899420116,0.00874256648670266,0.0156324885022995,0.0232028785882541,45.8333333333333,18.575,6.49166666666667
"348",0,8.6,5.4,31.05,2.07916666666667,76.8291666666667,0.00956695660867826,0.00940923315336933,0.0186324885022995,0.0232028785882541,67.3333333333333,15.4541666666667,6.425
"349",3,7,7.9,31.0375,2.34166666666667,79.5541666666667,0.0036502899420116,0.00686756648670266,0.0103408218356329,0.00653621192158741,62.25,13.4906805844306,4.89435156310156
"350",9,6.8,0,28.625,2.10833333333333,90.1791666666667,0.0035252899420116,0.00620089982003599,0.00950748850229954,0.00653621192158741,68.8333333333333,12.5291666666667,5.39166666666667
"351",32.6,1.6,5.9,29.1166666666667,1.625,83.1666666666667,0.00744195660867826,0.00920089982003599,0.0162158218356329,0.0148695452549207,88.1666666666667,12.2708333333333,5.5125
"352",2.8,5,9.9,30.2708333333333,1.54583333333333,78.5875,0.00735862327534493,0.00849256648670266,0.0155908218356329,0.00653621192158741,114,9.69166666666667,4.00416666666667
"353",0,3.2,10.5,31.4916666666667,1.675,74.275,0.0089002899420116,0.00978423315336933,0.0183824885022995,0.0398695452549208,94.7083333333333,12.7333333333333,5.85416666666667
"354",0,7.2,12.1,32.9708333333333,1.79166666666667,71.9375,0.00735862327534493,0.00953423315336933,0.0165074885022995,0.00653621192158741,113.875,14.125,5.61666666666667
"355",0,9.4,10.7,34.2416666666667,1.52916666666667,69.2833333333333,0.0103169566086783,0.013950899820036,0.0240908218356329,0.0440362119215874,152.666666666667,22.1583333333333,10.1458333333333
"356",3,8.6,6.5,31.9583333333333,3.4054821299157,69.5,0.0054002899420116,0.0116175664867027,0.0169241551689662,0.0107028785882541,178.208333333333,17.2375,8.54166666666667
"357",0,11.4,13,28.6833333333333,3.62774106495785,59.4833333333333,0.00531695660867826,0.00670089982003599,0.0116741551689662,0.0107028785882541,160.916666666667,17.2375,6.22083333333333
"358",0,11.2,11.5,28.1083333333333,1.92083333333333,63.6791666666667,0.00935862327534493,0.00786756648670266,0.0170491551689662,0.0107028785882541,149.958333333333,14.6166666666667,5.78333333333333
"359",0.2,10.6,11.4,28.1958333333333,1.58333333333333,61.9875,0.00269195660867826,0.00495089982003599,0.00746582183563287,0.0148695452549207,140.583333333333,12.3375,4.96666666666667
"360",0,8.8,12.5,28.575,1.74166666666667,60.6458333333333,0.00273362327534493,0.00557589982003599,0.00825748850229954,0.00653621192158741,134.166666666667,12.8958333333333,5.75833333333333
"361",0,8.8,12.8,29.4416666666667,1.67916666666667,60.6541666666667,0.0074002899420116,0.00770089982003599,0.0149658218356329,0.0148695452549207,131.166666666667,13.175,5.475
"362",0,10.2,13,29.5375,1.93333333333333,64.3375,0.0052752899420116,0.00728423315336933,0.0122574885022995,0.00653621192158741,131.083333333333,15.6333333333333,5.8875
"363",0,11.4,12.1,30.4625,1.95416666666667,63.3083333333333,0.00344195660867826,0.00607589982003599,0.00929915516896621,0.00653621192158741,120.541666666667,19.5416666666667,7.9625
"364",0,9.4,12.3,31.3916666666667,1.92083333333333,66.4125,0.0017752899420116,0.00470089982003599,0.00638248850229954,0.00653621192158741,95.0416666666667,25.4291666666667,9.36666666666667
"365",0,9.8,12.3,31.225,1.87916666666667,64.1083333333333,0.0031502899420116,0.00557589982003599,0.00842415516896621,0.00653621192158741,88.2916666666667,20.1625,7.7375
